<?xml version="1.0" encoding="UTF-8"?>
<launch4jConfig>
  <headerType>gui</headerType>
  <dontWrapJar>true</dontWrapJar>
  <downloadUrl>http://java.com/download</downloadUrl>
  <outfile>D:\11th grade - Skyline\Computer Programming 1\Semester 1\Processing Codes\Screensaver_APP\application.windows32\Screensaver_APP.exe</outfile>
  <icon>D:\11th grade - Skyline\Computer Programming 1\Processing APP\modes\java\application\sketch.ico</icon>
  <classPath>
    <mainClass>Screensaver_APP</mainClass>
    <cp>lib/Screensaver_APP.jar</cp>
    <cp>lib/core.jar</cp>
    <cp>lib/jogl-all.jar</cp>
    <cp>lib/gluegen-rt.jar</cp>
    <cp>lib/jogl-all-natives-windows-i586.jar</cp>
    <cp>lib/gluegen-rt-natives-windows-i586.jar</cp>
  </classPath>
  <jre>
    <minVersion>1.8.0_74</minVersion>
    <opt>-Djna.nosys=true</opt>
    <opt>-Djava.library.path="%EXEDIR%\lib"</opt>
  </jre>
</launch4jConfig>
